ID	Gender	Age	Time	X_position	Y_position	POINT	SubChain	SubChain_Start_end_tag	SubChain_ID	iter	WGS_distance	Time_Consume	Speed	t_p_i	residual	from	to	osmid	e_i	oneway	length	highway	highway_l	SpeedKM	Overspeeding
C0000016	男	23	2020-05-01 21:12:58	113.03617302	28.19780509	SRID=4326;POINT(113.03617301945229 28.197805089278173)	1	1	C0000016.1	1.0	0.0	0.0	0.0	0	8.209894700163051	1960074958	1958600301	542788502	7680	0	500.64200000000005	['tertiary']	2.0	0.0	0
C0000016	男	23	2020-05-01 21:12:59	113.03617442	28.19781168	SRID=4326;POINT(113.03617442159725 28.19781167901664)	1	0	C0000016.1	1.0	0.7431438761458021	1.0	0.7431438761458021	1	8.644135178947923	1960074958	1958600301	542788502	7680	0	500.64200000000005	['tertiary']	2.0	2.6753179541248877	0
C0000016	男	23	2020-05-01 21:13:09	113.03617907	28.19781802	SRID=4326;POINT(113.0361790706494 28.197818024363006)	1	0	C0000016.1	1.0	0.8379151172436314	10.0	0.0837915117243631	2	8.903712806312651	1960074958	1958600301	542788502	7680	0	500.64200000000005	['tertiary']	2.0	0.3016494422077072	0
C0000016	男	23	2020-05-01 21:13:19	113.03590291	28.19762055	SRID=4326;POINT(113.035902907626 28.197620553768736)	1	0	C0000016.1	1.0	34.84362134859229	10.0	3.4843621348592286	3	14.800023616493107	1960074958	1958600301	542788502	7680	0	500.64200000000005	['tertiary']	2.0	12.543703685493224	0
C0000016	男	23	2020-05-01 21:13:29	113.03558398	28.19760858	SRID=4326;POINT(113.0355839758704 28.1976085790909)	1	2	C0000016.1	1.0	31.34122138657849	10.0	3.1341221386578484	4	16.300877496758226	1960074958	1958600301	542788502	7680	0	500.64200000000005	['tertiary']	2.0	11.282839699168255	0
C0000021	男	33	2020-05-01 14:29:59	113.02014452	28.20261589	SRID=4326;POINT(113.0201445203028 28.202615893428124)	1	1	C0000021.1	1.0	0.0	0.0	0.0	0	10.042477144007627	3135065113	6302474370	308219879	11670	1	128.013	['tertiary']	2.0	0.0	0
C0000021	男	33	2020-05-01 14:30:09	113.02018072	28.20264139	SRID=4326;POINT(113.02018072429902 28.20264138701659)	1	0	C0000021.1	1.0	4.540616219773336	10.0	0.4540616219773336	1	7.234909482388259	3135065113	6302474370	308219879	11670	1	128.013	['tertiary']	2.0	1.6346218391184009	0
C0000021	男	33	2020-05-01 14:30:22	113.02013876	28.20260861	SRID=4326;POINT(113.02013875966904 28.202608612848042)	1	0	C0000021.1	1.0	5.492489283634133	13.0	0.4224991756641642	2	10.949809260887122	3135065113	6302474370	308219879	11670	1	128.013	['tertiary']	2.0	1.5209970323909912	0
C0000021	男	33	2020-05-01 14:30:33	113.02017506	28.20254096	SRID=4326;POINT(113.02017506371776 28.20254095616657)	1	0	C0000021.1	1.0	8.301102197536935	11.0	0.7546456543215395	3	13.949312073140366	3135065113	6302474370	308219879	11670	1	128.013	['tertiary']	2.0	2.716724355557542	0
C0000021	男	33	2020-05-01 14:30:43	113.02012083	28.20239116	SRID=4326;POINT(113.02012082778622 28.202391160460685)	1	0	C0000021.1	1.0	17.434104217396094	10.0	1.7434104217396098	4	4.290792398691453	3135065113	6302474370	308219879	11670	1	128.013	['tertiary']	2.0	6.276277518262596	0
C0000021	男	33	2020-05-01 14:30:53	113.02013013	28.20178269	SRID=4326;POINT(113.02013012909174 28.20178268954374)	1	0	C0000021.1	2.0	67.43847996357606	10.0	6.743847996357607	5	5.434100813714425	6302474370	6302474346	308219879	26371	1	132.524	['tertiary']	2.0	24.277852786887387	1
C0000021	男	33	2020-05-01 14:31:03	113.02017649	28.20145359	SRID=4326;POINT(113.02017649437222 28.201453593058115)	1	2	C0000021.1	2.0	36.75466422542213	10.0	3.6754664225422125	6	10.306070952535052	6302474370	6302474346	308219879	26371	1	132.524	['tertiary']	2.0	13.231679121151965	0
C0000021	男	33	2020-05-01 14:33:13	113.02647828	28.200694399999996	SRID=4326;POINT(113.02647828379321 28.20069440147703)	3	1	C0000021.3	1.0	0.0	0.0	0.0	0	18.16874453462343	1364284983	1364284986	59124536	5403	1	383.774	['secondary']	3.0	0.0	0
C0000021	男	33	2020-05-01 14:33:23	113.02705911	28.20078924	SRID=4326;POINT(113.02705910740049 28.200789235136963)	3	0	C0000021.3	1.0	57.98580698561281	10.0	5.798580698561281	1	17.902897213005613	1364284983	1364284986	59124536	5403	1	383.774	['secondary']	3.0	20.874890514820613	0
C0000021	男	33	2020-05-01 14:33:43	113.02829155	28.20096659	SRID=4326;POINT(113.02829155028193 28.200966586170892)	3	0	C0000021.3	1.0	51.01057023396193	10.0	5.101057023396192	3	19.571572205238237	1364284983	1364284986	59124536	5403	1	383.774	['secondary']	3.0	18.36380528422629	0
C0000021	男	33	2020-05-01 14:33:53	113.0289088	28.20105284	SRID=4326;POINT(113.02890880464837 28.201052839252068)	3	0	C0000021.3	1.0	61.350015104578105	10.0	6.13500151045781	4	18.42695251658867	1364284983	1364284986	59124536	5403	1	383.774	['secondary']	3.0	22.08600543764812	1
C0000021	男	33	2020-05-01 14:34:03	113.0294835	28.20100628	SRID=4326;POINT(113.0294835042125 28.201006277679078)	3	0	C0000021.3	2.0	56.658756336398405	10.0	5.66587563363984	5	21.357140281852203	3924145613	1958600332	59124536	7691	1	386.602	['secondary']	3.0	20.397152281103423	0
C0000021	男	33	2020-05-01 14:39:31	113.03491974	28.19455714	SRID=4326;POINT(113.03491974065875 28.19455713945219)	6	0	C0000021.6	1.0	35.374423385481784	10.0	3.537442338548177	1	12.959000771396868	3945031693	1958600252	185294778	7649	1	253.80200000000002	['secondary']	3.0	12.734792418773438	0
C0000021	男	33	2020-05-01 14:39:42	113.03490975	28.19457937	SRID=4326;POINT(113.03490974882752 28.194579367917243)	6	0	C0000021.6	1.0	2.6516697479344282	11.0	0.2410608861758571	2	10.320026346541496	3945031693	1958600252	185294778	7649	1	253.80200000000002	['secondary']	3.0	0.8678191902330856	0
C0000021	男	33	2020-05-01 14:39:54	113.03490937	28.19458082	SRID=4326;POINT(113.03490936875762 28.194580817860622)	6	0	C0000021.6	1.0	0.1649673052077023	12.0	0.0137472754339751	3	10.16141274126564	3945031693	1958600252	185294778	7649	1	253.80200000000002	['secondary']	3.0	0.04949019156231036	0
C0000021	男	33	2020-05-01 14:40:04	113.03490886	28.19458217	SRID=4326;POINT(113.03490885866407 28.1945821677829)	6	0	C0000021.6	1.0	0.1577679430601511	10.0	0.0157767943060151	4	10.006303417058009	3945031693	1958600252	185294778	7649	1	253.80200000000002	['secondary']	3.0	0.05679645950165436	0
C0000021	男	33	2020-05-01 14:40:14	113.03490814	28.19458315	SRID=4326;POINT(113.03490813853234 28.194583147670482)	6	0	C0000021.6	1.0	0.1295869734370616	10.0	0.0129586973437061	5	9.876668296404183	3945031693	1958600252	185294778	7649	1	253.80200000000002	['secondary']	3.0	0.04665131043734196	0
C0000021	男	33	2020-05-01 14:40:24	113.03490822	28.19458219	SRID=4326;POINT(113.03490821854733 28.1945821876805)	6	0	C0000021.6	1.0	0.1066792581300726	10.0	0.0106679258130072	6	9.973274760139542	3945031693	1958600252	185294778	7649	1	253.80200000000002	['secondary']	3.0	0.03840453292682592	0
C0000021	男	33	2020-05-01 14:40:34	113.03490826	28.19458222	SRID=4326;POINT(113.03490825855462 28.194582217686992)	6	0	C0000021.6	1.0	0.0051456613292295	10.0	0.0005145661329229	7	9.972309143538167	3945031693	1958600252	185294778	7649	1	253.80200000000002	['secondary']	3.0	0.00185243807852244	0
C0000022	男	33	2020-05-01 20:42:53	113.03501614	28.194812199999998	SRID=4326;POINT(113.03501613816088 28.194812195646538)	1	1	C0000022.1	1.0	0.0	0.0	0.0	0	15.303514988037255	3978705451	3945031824	391296692	16629	1	252.329	['secondary']	3.0	0.0	0
C0000022	男	33	2020-05-01 20:43:34	113.0349338	28.19450182	SRID=4326;POINT(113.03493380324642 28.194501821543284)	1	0	C0000022.1	2.0	8.890815212267139	10.0	0.8890815212267139	4	19.1136579428632	3945031693	1958600252	185294778	7649	1	253.80200000000002	['secondary']	3.0	3.2006934764161703	0
C0000022	男	33	2020-05-01 20:43:44	113.03442992	28.19454889	SRID=4326;POINT(113.03442992185686 28.194548891478348)	1	0	C0000022.1	2.0	49.747536698792686	10.0	4.974753669879268	5	18.722995487300945	3945031693	1958600252	185294778	7649	1	253.80200000000002	['secondary']	3.0	17.909113211565366	0
C0000022	男	33	2020-05-01 20:43:54	113.03384802	28.19455072	SRID=4326;POINT(113.03384801776555 28.19455072011821)	1	0	C0000022.1	2.0	57.13400409261193	10.0	5.713400409261192	6	19.299767921828746	3945031693	1958600252	185294778	7649	1	253.80200000000002	['secondary']	3.0	20.568241473340294	0
C0000022	男	33	2020-05-01 20:44:04	113.03357908	28.194545	SRID=4326;POINT(113.03357908018079 28.19454499833257)	1	2	C0000022.1	2.0	26.41338631110721	10.0	2.6413386311107208	7	18.882223766242213	3945031693	1958600252	185294778	7649	1	253.80200000000002	['secondary']	3.0	9.508819071998595	0
C0000022	男	33	2020-05-01 20:52:50	113.02031901	28.20277492	SRID=4326;POINT(113.02031900960884 28.20277492088622)	3	1	C0000022.3	1.0	0.0	0.0	0.0	0	5.172786651870403	6302474499	3924474911	389288649	14550	1	85.54799999999999	['tertiary']	2.0	0.0	0
C0000022	男	33	2020-05-01 20:53:00	113.02026062	28.20281357	SRID=4326;POINT(113.02026062308938 28.20281356530407)	3	0	C0000022.3	1.0	7.156039790588388	10.0	0.7156039790588389	1	5.699685795969589	6302474499	3924474911	389288649	14550	1	85.54799999999999	['tertiary']	2.0	2.57617432461182	0
C0000022	男	33	2020-05-01 20:53:10	113.02025966	28.20281401	SRID=4326;POINT(113.02025966298243 28.20281400521182)	3	0	C0000022.3	1.0	0.1061169007607571	10.0	0.0106116900760757	2	5.7609107001428805	6302474499	3924474911	389288649	14550	1	85.54799999999999	['tertiary']	2.0	0.03820208427387252	0
C0000022	男	33	2020-05-01 20:53:20	113.02025952	28.20281495	SRID=4326;POINT(113.02025952296641 28.20281494520099)	3	0	C0000022.3	1.0	0.1050762081216574	10.0	0.0105076208121657	3	5.866321712534647	6302474499	3924474911	389288649	14550	1	85.54799999999999	['tertiary']	2.0	0.03782743492379652	0
C0000022	男	33	2020-05-01 20:53:30	113.02026006	28.202816499999997	SRID=4326;POINT(113.02026006302577 28.202816495258258)	3	0	C0000022.3	1.0	0.1797703708660309	10.0	0.017977037086603	4	6.029844928147122	6302474499	3924474911	389288649	14550	1	85.54799999999999	['tertiary']	2.0	0.06471733351177081	0
C0000022	男	33	2020-05-01 20:53:40	113.02026043	28.20281777	SRID=4326;POINT(113.02026043306634 28.20281776529813)	3	0	C0000022.3	1.0	0.1453570114003961	10.0	0.0145357011400396	5	6.165383358493584	6302474499	3924474911	389288649	14550	1	85.54799999999999	['tertiary']	2.0	0.05232852410414256	0
C0000022	男	33	2020-05-01 20:53:50	113.02025965	28.20281781	SRID=4326;POINT(113.02025965297958 28.202817805222224)	3	0	C0000022.3	1.0	0.0767063246470554	10.0	0.0076706324647055	6	6.179535054185773	6302474499	3924474911	389288649	14550	1	85.54799999999999	['tertiary']	2.0	0.0276142768729398	0
C0000022	男	33	2020-05-01 20:54:00	113.02035046	28.20319705	SRID=4326;POINT(113.02035045948725 28.20319705010052)	3	0	C0000022.3	2.0	42.96362022100046	10.0	4.2963620221000465	7	10.127802464217694	3924474911	3135065113	185290903	11669	0	11.126	['residential']	1.0	15.466903279560167	0
C0000028	男	32	2020-05-01 22:38:00	113.01114946	28.19545375	SRID=4326;POINT(113.0111494607808 28.19545374693401)	1	1	C0000028.1	1.0	0.0	0.0	0.0	0	11.211378544986058	5198113886	5198113877	536652327	21610	0	193.37099999999998	['tertiary']	2.0	0.0	0
C0000028	男	32	2020-05-01 22:38:10	113.01114027	28.195448600000002	SRID=4326;POINT(113.01114027020294 28.19544859641202)	1	0	C0000028.1	1.0	1.0483072361349903	10.0	0.10483072361349902	1	11.402899841113395	5198113886	5198113877	536652327	21610	0	193.37099999999998	['tertiary']	2.0	0.37739060500859645	0
C0000028	男	32	2020-05-01 22:38:23	113.01113927	28.19544677	SRID=4326;POINT(113.0111392701407 28.195446766351516)	1	0	C0000028.1	1.0	0.2253221771089968	13.0	0.0173324751622305	2	11.331955950371187	5198113886	5198113877	536652327	21610	0	193.37099999999998	['tertiary']	2.0	0.062396910584029804	0
C0000028	男	32	2020-05-01 22:38:36	113.01115269	28.195431699999997	SRID=4326;POINT(113.01115269099537 28.19543169704748)	1	0	C0000028.1	1.0	2.1272902974962467	13.0	0.1636377151920189	3	9.229821582344028	5198113886	5198113877	536652327	21610	0	193.37099999999998	['tertiary']	2.0	0.5890957746912681	0
C0000028	男	32	2020-05-01 22:38:49	113.01134342	28.19538071	SRID=4326;POINT(113.0113434231682 28.195380707509493)	1	0	C0000028.1	1.0	19.5606208385391	13.0	1.5046631414260847	4	11.793120049936421	5198113886	5198113877	536652327	21610	0	193.37099999999998	['tertiary']	2.0	5.416787309133905	0
C0000028	男	32	2020-05-01 22:39:03	113.01170859999999	28.19533641	SRID=4326;POINT(113.0117085969921 28.195336408175397)	1	0	C0000028.1	1.0	36.18935168441673	14.0	2.584953691744052	5	7.7437567098454725	5198113886	5198113877	536652327	21610	0	193.37099999999998	['tertiary']	2.0	9.305833290278587	0
C0000028	男	32	2020-05-01 22:39:21	113.01197312	28.19535888	SRID=4326;POINT(113.01197312466942 28.195358883698283)	1	0	C0000028.1	1.0	26.09071663014577	18.0	1.4494842572303206	6	9.584287506096524	5198113886	5198113877	536652327	21610	0	193.37099999999998	['tertiary']	2.0	5.218143326029154	0
C0000028	男	32	2020-05-01 22:39:38	113.01268154	28.19530266	SRID=4326;POINT(113.0126815439069 28.195302656549995)	1	0	C0000028.1	1.0	69.8339490477737	17.0	4.107879355751393	7	5.062810914403234	5198113886	5198113877	536652327	21610	0	193.37099999999998	['tertiary']	2.0	14.788365680705017	0
C0000028	男	32	2020-05-01 22:39:52	113.01269971	28.19534175	SRID=4326;POINT(113.0126997051852 28.1953417477985)	1	0	C0000028.1	1.0	4.685015532619575	14.0	0.3346439666156839	8	7.651309832546778	5198113886	5198113877	536652327	21610	0	193.37099999999998	['tertiary']	2.0	1.2047182798164622	0
C0000028	男	32	2020-05-01 22:40:09	113.01272577	28.19534304	SRID=4326;POINT(113.01272576704861 28.195343039432053)	1	0	C0000028.1	1.0	2.5626636722203378	17.0	0.150744921895314	9	10.036579391188157	5198113886	5198113877	536652327	21610	0	193.37099999999998	['tertiary']	2.0	0.5426817188231304	0
C0000028	男	32	2020-05-01 22:40:25	113.01281344	28.19550409	SRID=4326;POINT(113.01281344326983 28.195504085410878)	1	0	C0000028.1	2.0	19.81525348622523	16.0	1.2384533428890772	10	15.485919357856208	1970462717	5198113877	122003201	10075	1	225.4	['trunk']	4.0	4.458432034400678	0
C0000028	男	32	2020-05-01 22:40:40	113.01286144	28.19579453	SRID=4326;POINT(113.01286143659694 28.19579452929317)	1	0	C0000028.1	2.0	32.53051138983741	15.0	2.1687007593224945	11	13.952587531914766	1970462717	5198113877	122003201	10075	1	225.4	['trunk']	4.0	7.80732273356098	0
C0000028	男	32	2020-05-01 22:40:50	113.01293741	28.19622365	SRID=4326;POINT(113.01293741190358 28.19622364537243)	1	0	C0000028.1	2.0	48.1376031466959	10.0	4.81376031466959	12	9.399794241869062	1970462717	5198113877	122003201	10075	1	225.4	['trunk']	4.0	17.329537132810525	0
C0000028	男	32	2020-05-01 22:41:02	113.01302095	28.19670153	SRID=4326;POINT(113.01302094777107 28.196701532107742)	1	0	C0000028.1	2.0	53.591313025003096	12.0	4.465942752083591	13	5.7939984464952206	1970462717	5198113877	122003201	10075	1	225.4	['trunk']	4.0	16.077393907500927	0
C0000028	男	32	2020-05-01 22:41:19	113.01310002	28.19740402	SRID=4326;POINT(113.01310002324138 28.197404019253817)	1	2	C0000028.1	3.0	78.23790783712276	17.0	4.602229872771926	14	10.15588335823044	1364284993	1970462717	[456866569, 486710611, 122003201]	5415	1	1169.068	['trunk']	4.0	16.568027541978935	0
C0000028	男	32	2020-05-01 22:42:26	113.01311804	28.19987975	SRID=4326;POINT(113.01311804339718 28.199879747754473)	3	1	C0000028.3	1.0	0.0	0.0	0.0	0	2.8793196329692132	6302474289	1970439153	389535720	9936	1	296.689	['secondary']	3.0	0.0	0
C0000028	男	32	2020-05-01 22:42:42	113.01318929	28.20036981	SRID=4326;POINT(113.0131892884291 28.200369813816565)	3	0	C0000028.3	1.0	54.75842145258606	16.0	3.422401340786629	1	8.44273086945405	6302474289	1970439153	389535720	9936	1	296.689	['secondary']	3.0	12.320644826831865	0
C0000028	男	32	2020-05-01 22:43:00	113.01316934	28.20068175	SRID=4326;POINT(113.0131693368047 28.200681753455793)	3	0	C0000028.3	1.0	34.625473520194426	18.0	1.923637417788579	2	8.754368269793346	6302474289	1970439153	389535720	9936	1	296.689	['secondary']	3.0	6.925094704038885	0
C0000028	男	32	2020-05-01 22:43:12	113.01321955	28.20107697	SRID=4326;POINT(113.01321955033859 28.201076967889104)	3	0	C0000028.3	1.0	44.075881457484854	12.0	3.672990121457072	3	6.496484868379043	6302474289	1970439153	389535720	9936	1	296.689	['secondary']	3.0	13.22276443724546	0
C0000028	男	32	2020-05-01 22:43:28	113.01388100000001	28.20122272	SRID=4326;POINT(113.01388100053752 28.201222722281255)	3	2	C0000028.3	2.0	66.9188719255155	16.0	4.182429495344719	4	17.341181389868204	3927014040	6302474321	389535698	15762	1	182.429	['secondary']	3.0	15.056746183240989	0
C0000028	男	32	2020-05-01 22:43:49	113.0139064	28.2022104	SRID=4326;POINT(113.01390640204839 28.202210396966045)	4	1	C0000028.4	1.0	0.0	0.0	0.0	0	8.318356058168874	6304587027	1958575868	389535699	7607	1	128.691	['secondary']	3.0	0.0	0
C0000028	男	32	2020-05-01 22:44:09	113.01401283	28.20321035	SRID=4326;POINT(113.0140128298968 28.203210347244383)	4	0	C0000028.4	1.0	111.30871622727516	20.0	5.5654358113637565	1	7.298541299967664	6304587027	1958575868	389535699	7607	1	128.691	['secondary']	3.0	20.035568920909522	0
C0000028	男	32	2020-05-01 22:44:27	113.01409163	28.20419356	SRID=4326;POINT(113.01409162563198 28.204193555626293)	4	0	C0000028.4	2.0	109.23632212940106	18.0	6.0686845627445045	2	13.115256429900963	1958575868	1970439138	389535699	7606	1	92.946	['secondary']	3.0	21.847264425880216	1
C0000028	男	32	2020-05-01 22:44:47	113.01405549	28.20527212	SRID=4326;POINT(113.01405549227638 28.20527211639489)	4	0	C0000028.4	3.0	119.58164415808606	20.0	5.9790822079043044	3	14.404870386762305	6311559222	1958575857	389535699	7604	1	135.003	['secondary']	3.0	21.524695948455495	1
C0000028	男	32	2020-05-01 22:44:58	113.01414855	28.20552468	SRID=4326;POINT(113.01414854950305 28.205524683583306)	4	0	C0000028.4	4.0	29.44274977508696	11.0	2.676613615916996	4	24.08239679034375	1958575857	1970462640	389535699	7602	1	173.935	['secondary']	3.0	9.635809017301186	0
C0000028	男	32	2020-05-01 22:45:09	113.01440625	28.20557527	SRID=4326;POINT(113.01440625006178 28.20557527173726)	4	0	C0000028.4	5.0	25.913364327168328	11.0	2.355760393378939	5	17.770999320276996	6302301332	1958575857	185290910	7603	0	107.595	['residential']	1.0	8.48073741616418	0
C0000028	男	32	2020-05-01 22:45:20	113.01480606	28.20561249	SRID=4326;POINT(113.01480606267465 28.205612490391527)	4	0	C0000028.4	5.0	39.467305987809	11.0	3.587936907982636	6	6.035248895010098	6302301332	1958575857	185290910	7603	0	107.595	['residential']	1.0	12.916572868737491	0
C0000028	男	32	2020-05-01 22:45:32	113.01537365	28.205561600000003	SRID=4326;POINT(113.01537365047582 28.20556160203674)	4	0	C0000028.4	6.0	56.0075722084762	12.0	4.667297684039683	7	9.05177992034034	6302301332	1970462504	185290910	10019	0	81.047	['residential']	1.0	16.80227166254286	0
C0000028	男	32	2020-05-01 22:45:43	113.01573793	28.20551908	SRID=4326;POINT(113.0157379320569 28.205519079525487)	4	0	C0000028.4	6.0	36.072148493361595	11.0	3.2792862266692366	8	15.26121954458126	6302301332	1970462504	185290910	10019	0	81.047	['residential']	1.0	11.805430416009251	0
C0000028	男	32	2020-05-01 22:45:53	113.01601351	28.20550246	SRID=4326;POINT(113.01601350640563 28.205502460777286)	4	0	C0000028.4	6.0	27.11758719267389	10.0	2.7117587192673893	9	15.826248711581481	6302301332	1970462504	185290910	10019	0	81.047	['residential']	1.0	9.762331389362602	0
C0000028	男	32	2020-05-01 22:46:03	113.0164759	28.20549644	SRID=4326;POINT(113.01647589814984 28.205496437294126)	4	0	C0000028.4	7.0	45.399871891268816	10.0	4.539987189126882	10	12.049370139525152	6304587025	1970462504	185290910	10020	0	108.102	['residential']	1.0	16.343953880856777	0
C0000028	男	32	2020-05-01 22:46:14	113.01695854	28.20547787	SRID=4326;POINT(113.01695854292797 28.205477866429852)	4	0	C0000028.4	8.0	47.42768237692695	11.0	4.311607488811541	11	13.990926563769673	6304587025	1958575888	185290910	7613	0	92.149	['residential']	1.0	15.521786959721547	0
C0000028	男	32	2020-05-01 22:46:24	113.01744053	28.20552022	SRID=4326;POINT(113.01744052883703 28.20552021677085)	4	0	C0000028.4	8.0	47.5513773002217	10.0	4.755137730022168	12	11.665458290929614	6304587025	1958575888	185290910	7613	0	92.149	['residential']	1.0	17.11849582807981	0
C0000028	男	32	2020-05-01 22:46:35	113.01773368	28.20553933	SRID=4326;POINT(113.01773367735773 28.205539331810677)	4	0	C0000028.4	8.0	28.857703107370195	11.0	2.6234275552154718	13	8.405198850666357	6304587025	1958575888	185290910	7613	0	92.149	['residential']	1.0	9.4443391987757	0
C0000028	男	32	2020-05-01 22:46:46	113.01791463	28.20566077	SRID=4326;POINT(113.01791462513599 28.20566076779566)	4	0	C0000028.4	9.0	22.28699845790205	11.0	2.0260907689001866	14	12.478333743457375	1958575888	1958575780	185290934	7570	0	245.692	['residential']	1.0	7.293926768040672	0
C0000028	男	32	2020-05-01 22:46:57	113.01791180000001	28.20566874	SRID=4326;POINT(113.017911804853 28.20566873757518)	4	0	C0000028.4	9.0	0.9259241107216236	11.0	0.0841749191565112	15	13.39991860917771	1958575888	1958575780	185290934	7570	0	245.692	['residential']	1.0	0.3030297089634403	0
C0000028	男	32	2020-05-01 22:47:08	113.01793293	28.20571692	SRID=4326;POINT(113.01793292692338 28.205716919553495)	4	0	C0000028.4	9.0	5.728252634829082	11.0	0.5207502395299166	16	17.91109442112122	1958575888	1958575780	185290934	7570	0	245.692	['residential']	1.0	1.8747008623077	0
C0000028	男	32	2020-05-01 22:47:18	113.0179992	28.20617306	SRID=4326;POINT(113.01799920329387 28.2061730566975)	4	0	C0000028.4	10.0	50.967653109651536	10.0	5.096765310965154	17	5.747188224250827	9049870137	8220185013	185290934	31576	0	105.38600000000001	['residential']	1.0	18.348355119474554	0
C0000028	男	32	2020-05-01 22:47:29	113.01802747	28.20663091	SRID=4326;POINT(113.0180274658957 28.206630910548917)	4	0	C0000028.4	10.0	50.81605969655422	11.0	4.619641790595838	18	10.400122948683787	9049870137	8220185013	185290934	31576	0	105.38600000000001	['residential']	1.0	16.630710446145017	0
C0000028	男	32	2020-05-01 22:47:40	113.01811176	28.20716399	SRID=4326;POINT(113.01811176406612 28.20716398953768)	4	0	C0000028.4	11.0	59.65414653516721	11.0	5.423104230469747	19	8.593582470454798	6302301335	1958575772	185290934	7565	0	62.9	['residential']	1.0	19.523175229691088	0
C0000028	男	32	2020-05-01 22:47:51	113.01809694	28.20767248	SRID=4326;POINT(113.01809694234836 28.20767247978496)	4	0	C0000028.4	12.0	56.37106610561411	11.0	5.124642373237646	20	8.973451680228342	1970462700	1958575772	185290934	7564	0	30.52	['residential']	1.0	18.448712543655525	0
C0000028	男	32	2020-05-01 22:48:01	113.01812154	28.20799196	SRID=4326;POINT(113.01812154466224 28.20799196291295)	4	0	C0000028.4	12.0	35.487941689953296	10.0	3.54879416899533	21	7.22674965871713	1970462700	1958575772	185290934	7564	0	30.52	['residential']	1.0	12.775659008383188	0
C0000028	男	32	2020-05-01 22:48:18	113.01815954	28.20882131	SRID=4326;POINT(113.01815953808648 28.208821308775814)	4	2	C0000028.4	13.0	91.98658289819656	17.0	5.4109754645997965	22	13.273157313078412	1970462700	1970462638	185290934	10057	0	168.139	['residential']	1.0	19.47951167255927	0
C0000032	男	58	2020-05-01 14:21:26	113.01336382	28.18816536	SRID=4326;POINT(113.01336381719999 28.18816535952477)	1	1	C0000032.1	1.0	0.0	0.0	0.0	0	17.332961729922086	3120454900	8381435875	[391296712, 307003475]	11586	1	269.072	['secondary']	3.0	0.0	0
C0000032	男	58	2020-05-01 14:21:39	113.01328539	28.18812638	SRID=4326;POINT(113.01328539135454 28.18812638428267)	1	0	C0000032.1	1.0	8.829939876170819	13.0	0.6792261443208321	1	13.770859893673661	3120454900	8381435875	[391296712, 307003475]	11586	1	269.072	['secondary']	3.0	2.4452141195549957	0
C0000032	男	58	2020-05-01 14:21:49	113.01276829	28.188098600000004	SRID=4326;POINT(113.01276829352493 28.18809860109771)	1	0	C0000032.1	1.0	50.86757062328309	10.0	5.086757062328309	2	8.795565955214919	3120454900	8381435875	[391296712, 307003475]	11586	1	269.072	['secondary']	3.0	18.312325424381914	0
C0000032	男	58	2020-05-01 14:22:03	113.01229246	28.18781647	SRID=4326;POINT(113.01229246009528 28.187816470936088)	1	0	C0000032.1	2.0	56.21864405302615	14.0	4.0156174323590115	3	18.123474386843228	3120454850	8381435875	307003468	11548	1	10.062000000000001	['trunk_link']	4.0	14.456222756492442	0
C0000032	男	58	2020-05-01 14:22:15	113.01207747	28.187237100000004	SRID=4326;POINT(113.0120774656016 28.187237096365877)	1	0	C0000032.1	3.0	67.588485646186	12.0	5.632373803848831	4	13.042357318021311	8381435874	3120454905	307003460	11595	1	334.899	['trunk_link']	4.0	20.276545693855795	0
C0000032	男	58	2020-05-01 14:22:26	113.01185051	28.18677561	SRID=4326;POINT(113.01185051049887 28.18677561165235)	1	0	C0000032.1	3.0	55.78798793950733	11.0	5.071635267227939	5	18.454951461842363	8381435874	3120454905	307003460	11595	1	334.899	['trunk_link']	4.0	18.25788696202058	0
C0000032	男	58	2020-05-01 14:22:40	113.01190027	28.18595895	SRID=4326;POINT(113.01190027422201 28.185958952243134)	1	0	C0000032.1	3.0	90.63606725091527	14.0	6.474004803636805	6	11.483124852150853	8381435874	3120454905	307003460	11595	1	334.899	['trunk_link']	4.0	23.306417293092498	1
C0000032	男	58	2020-05-01 14:22:53	113.01175139	28.18526629	SRID=4326;POINT(113.01175139461007 28.185266291584167)	1	0	C0000032.1	3.0	78.14192831863333	13.0	6.010917562971795	7	9.651575386631276	8381435874	3120454905	307003460	11595	1	334.899	['trunk_link']	4.0	21.639303226698463	1
C0000039	男	17	2020-05-01 22:52:35	112.97015162	28.20547435	SRID=4326;POINT(112.97015162185303 28.20547434875478)	1	0	C0000039.1	1.0	50.534560753105275	10.0	5.053456075310526	14	8.33004489221357	1957100981	1957100868	[389262298, 185140693]	6740	1	160.09	['secondary']	3.0	18.192441871117897	0
C0000039	男	17	2020-05-01 22:52:45	112.97024251	28.20499673	SRID=4326;POINT(112.97024250883433 28.204996725519635)	1	0	C0000039.1	1.0	53.67802893653342	10.0	5.367802893653342	15	2.7871748038424777	1957100981	1957100868	[389262298, 185140693]	6740	1	160.09	['secondary']	3.0	19.324090417152032	0
C0000039	男	17	2020-05-01 22:52:55	112.97030579999999	28.20452197	SRID=4326;POINT(112.97030579985325 28.20452196587473)	1	0	C0000039.1	1.0	52.979838305574205	10.0	5.2979838305574205	16	13.992442233051474	1957100981	1957100868	[389262298, 185140693]	6740	1	160.09	['secondary']	3.0	19.072741790006713	0
C0000039	男	17	2020-05-01 22:53:05	112.97046684	28.20436795	SRID=4326;POINT(112.97046683661178 28.204367954733232)	1	0	C0000039.1	2.0	23.266079057670197	10.0	2.32660790576702	17	13.449659970448268	1957101161	1957100868	185140689	6741	1	57.099	['secondary']	3.0	8.375788460761273	0
C0000039	男	17	2020-05-01 22:53:15	112.97083701	28.20404036	SRID=4326;POINT(112.970837013606 28.20404035660041)	1	0	C0000039.1	3.0	51.36860501700386	10.0	5.1368605017003865	18	16.84208642741807	1957171976	1955356121	307999273	6335	0	68.443	['tertiary']	2.0	18.49269780612139	0
C0000039	男	17	2020-05-01 22:53:25	112.97118667	28.20376778	SRID=4326;POINT(112.97118667407571 28.203767781741924)	1	0	C0000039.1	3.0	45.72697346007286	10.0	4.572697346007287	19	9.143442288306506	1957171976	1955356121	307999273	6335	0	68.443	['tertiary']	2.0	16.46171044562623	0
C0000039	男	17	2020-05-01 22:53:35	112.97122957	28.20374182	SRID=4326;POINT(112.97122956803351 28.203741816295395)	1	0	C0000039.1	3.0	5.100570022837606	10.0	0.5100570022837605	20	10.180444746147057	1957171976	1955356121	307999273	6335	0	68.443	['tertiary']	2.0	1.8362052082215379	0
C0000039	男	17	2020-05-01 22:53:45	112.97124777	28.20375186	SRID=4326;POINT(112.97124776546318 28.203751864053142)	1	0	C0000039.1	3.0	2.1049214202214133	10.0	0.2104921420221412	21	8.967648201641586	1957171976	1955356121	307999273	6335	0	68.443	['tertiary']	2.0	0.7577717112797083	0
C0000039	男	17	2020-05-01 22:53:48	112.97125028	28.20375522	SRID=4326;POINT(112.97125027510792 28.203755223750218)	1	2	C0000039.1	3.0	0.44651901688451	3.0	0.1488396722948367	22	8.607554583040598	1957171976	1955356121	307999273	6335	0	68.443	['tertiary']	2.0	0.5358228202614121	0
C0000049	男	29	2020-05-01 17:01:15	112.99079015	28.19486717	SRID=4326;POINT(112.99079015400092 28.194867173183166)	3	1	C0000049.3	1.0	0.0	0.0	0.0	0	4.7585275261690265	3946941454	3946941362	391480353	17130	0	146.887	['residential']	1.0	0.0	0
C0000049	男	29	2020-05-01 17:01:25	112.99077630000001	28.19529204	SRID=4326;POINT(112.99077630268012 28.195292044143745)	3	0	C0000049.3	1.0	47.10483221350765	10.0	4.710483221350764	1	12.730629774054579	3946941454	3946941362	391480353	17130	0	146.887	['residential']	1.0	16.95773959686275	0
C0000049	男	29	2020-05-01 17:01:35	112.99077407	28.19571768	SRID=4326;POINT(112.9907740653221 28.1957176774715)	3	0	C0000049.3	1.0	47.171044108871186	10.0	4.717104410887118	2	15.497714916409276	3946941454	3946941362	391480353	17130	0	146.887	['residential']	1.0	16.981575879193624	0
C0000049	男	29	2020-05-01 17:01:45	112.99074961	28.196175300000004	SRID=4326;POINT(112.99074960845715 28.196175296665142)	3	0	C0000049.3	2.0	50.771476906519716	10.0	5.077147690651972	3	18.530844771982125	3946941362	3946940433	391480279	17009	0	11.841	['residential']	1.0	18.2777316863471	0
C0000049	男	29	2020-05-01 17:01:55	112.99082294	28.19648244	SRID=4326;POINT(112.99082294362977 28.196482437484374)	3	0	C0000049.3	3.0	34.79117892727829	10.0	3.4791178927278286	4	15.01443959557797	3946941362	3946941313	391480279	17114	0	165.61700000000002	['residential']	1.0	12.524824413820182	0
C0000049	男	29	2020-05-01 17:02:05	112.99089234	28.19690548	SRID=4326;POINT(112.99089233848515 28.19690547765036)	3	0	C0000049.3	3.0	47.37498144091525	10.0	4.737498144091526	5	19.97423923161399	3946941362	3946941313	391480279	17114	0	165.61700000000002	['residential']	1.0	17.054993318729494	0
C0000049	男	29	2020-05-01 17:02:15	112.99096028	28.19734824	SRID=4326;POINT(112.99096027800697 28.197348244414382)	3	0	C0000049.3	3.0	49.51916438767115	10.0	4.951916438767116	6	10.790610811414702	3946941362	3946941313	391480279	17114	0	165.61700000000002	['residential']	1.0	17.826899179561618	0
C0000049	男	29	2020-05-01 17:02:25	112.99092483	28.19769691	SRID=4326;POINT(112.99092483351974 28.19769691419066)	3	0	C0000049.3	3.0	38.7969697475275	10.0	3.8796969747527497	7	19.01920976479033	3946941362	3946941313	391480279	17114	0	165.61700000000002	['residential']	1.0	13.9669091091099	0
C0000049	男	29	2020-05-01 17:03:45	112.98768903	28.19767394	SRID=4326;POINT(112.98768903128965 28.19767393653823)	3	0	C0000049.3	4.0	38.028310206288964	10.0	3.802831020628896	15	10.877824622247775	6520534720	1957172007	185145052	6928	0	401.289	['residential']	1.0	13.690191674264026	0
C0000049	男	29	2020-05-01 17:03:55	112.98750355	28.19770789	SRID=4326;POINT(112.98750355028483 28.197707885012047)	3	2	C0000049.3	4.0	18.595361725141355	10.0	1.8595361725141355	16	17.235542149488655	6520534720	1957172007	185145052	6928	0	401.289	['residential']	1.0	6.694330221050888	0
C0000078	男	29	2020-05-01 11:51:44	113.01645557	28.21876182	SRID=4326;POINT(113.01645556638792 28.21876182021864)	1	1	C0000078.1	1.0	0.0	0.0	0.0	0	17.030840294165493	1958524950	1958524623	185284700	7312	0	102.8	['residential']	1.0	0.0	0
C0000078	男	29	2020-05-01 11:51:54	113.01652239	28.21809762	SRID=4326;POINT(113.01652238696423 28.21809762271128)	1	0	C0000078.1	1.0	27.885396928158265	5.0	5.577079385631653	2	16.255251344466163	1958524950	1958524623	185284700	7312	0	102.8	['residential']	1.0	20.07748578827395	0
C0000078	男	29	2020-05-01 11:51:59	113.01654631	28.21796655	SRID=4326;POINT(113.01654631396799 28.217966553170825)	1	0	C0000078.1	1.0	14.714126183782884	5.0	2.9428252367565766	3	15.172964090255912	1958524950	1958524623	185284700	7312	0	102.8	['residential']	1.0	10.594170852323677	0
C0000078	男	29	2020-05-01 11:52:04	113.0164676	28.21789378	SRID=4326;POINT(113.01646759557305 28.2178937760431)	1	0	C0000078.1	1.0	11.168496381970188	5.0	2.233699276394038	4	13.899459488346707	1958524950	1958524623	185284700	7312	0	102.8	['residential']	1.0	8.041317395018536	0
C0000078	男	29	2020-05-01 11:52:14	113.01648954	28.21761471	SRID=4326;POINT(113.01648954164457 28.217614710285527)	1	0	C0000078.1	2.0	13.57578113696334	5.0	2.715156227392668	6	8.450691104852705	1958524841	1958524686	185284717	7330	0	85.75200000000001	['residential']	1.0	9.774562418613606	0
C0000078	男	29	2020-05-01 11:52:34	113.01753991	28.21717573	SRID=4326;POINT(113.01753991132748 28.217175729274093)	1	0	C0000078.1	3.0	27.03545688332778	5.0	5.407091376665557	10	5.922847091088372	6302294536	1958524716	185284695	7337	0	60.196000000000005	['residential']	1.0	19.465528955996007	0
C0000078	男	29	2020-05-01 11:52:39	113.01751602	28.21687379	SRID=4326;POINT(113.01751601927415 28.216873792857903)	1	0	C0000078.1	3.0	33.54396198574832	5.0	6.7087923971496615	11	8.80372940925283	6302294536	1958524716	185284695	7337	0	60.196000000000005	['residential']	1.0	24.15165262973878	1
C0000078	男	29	2020-05-01 11:52:44	113.01750508	28.21658182	SRID=4326;POINT(113.01750508133223 28.216581819912644)	1	0	C0000078.1	4.0	32.37479462125972	5.0	6.4749589242519425	12	11.295192801654153	6302294536	1958524590	185284695	7297	0	77.98899999999999	['residential']	1.0	23.309852127306993	1
C0000078	男	29	2020-05-01 11:52:49	113.01759479	28.21628156	SRID=4326;POINT(113.01759479390233 28.216281562643125)	1	0	C0000078.1	5.0	34.421271511789215	5.0	6.884254302357844	13	33.961210815865364	1958524785	1958524590	185284721	7298	0	79.277	['secondary']	3.0	24.78331548848824	1
C0000078	男	29	2020-05-01 11:52:54	113.01763168	28.21608146	SRID=4326;POINT(113.01763168206746 28.216081455824295)	1	0	C0000078.1	6.0	22.469406556609012	5.0	4.493881311321801	14	14.761137066850784	6302294536	1958524590	185284695	7297	0	77.98899999999999	['residential']	1.0	16.177972720758486	0
C0000078	男	29	2020-05-01 11:52:59	113.01762272	28.21600648	SRID=4326;POINT(113.01762271939494 28.216006480075816)	1	0	C0000078.1	6.0	8.355925114438588	5.0	1.6711850228877174	15	9.217566481741027	6302294536	1958524590	185284695	7297	0	77.98899999999999	['residential']	1.0	6.0162660823957825	0
C0000078	男	29	2020-05-01 11:53:04	113.01773932	28.21591815	SRID=4326;POINT(113.0177393213388 28.2159181499957)	1	0	C0000078.1	7.0	15.061086520004231	5.0	3.0122173040008464	16	9.345543491516649	1958524785	1958524590	185284721	7298	0	79.277	['secondary']	3.0	10.843982294403048	0
C0000078	男	29	2020-05-01 11:53:09	113.01797749999999	28.21589848	SRID=4326;POINT(113.01797749598111 28.215898478808)	1	0	C0000078.1	7.0	23.482367150443732	5.0	4.696473430088746	17	13.046365133849045	1958524785	1958524590	185284721	7298	0	79.277	['secondary']	3.0	16.907304348319485	0
C0000078	男	29	2020-05-01 11:53:14	113.01815787	28.21591297	SRID=4326;POINT(113.01815786935065 28.21591297164766)	1	0	C0000078.1	7.0	17.77871266578983	5.0	3.5557425331579657	18	11.240847392521076	1958524785	1958524590	185284721	7298	0	79.277	['secondary']	3.0	12.800673119368676	0
C0000078	男	29	2020-05-01 11:53:19	113.01827746	28.21585963	SRID=4326;POINT(113.01827745946285 28.215859634863946)	1	0	C0000078.1	7.0	13.143853865121713	5.0	2.6287707730243417	19	14.856001741595035	1958524785	1958524590	185284721	7298	0	79.277	['secondary']	3.0	9.46357478288763	0
C0000078	男	29	2020-05-01 11:53:24	113.01831235	28.21575954	SRID=4326;POINT(113.01831234689892 28.215759535480064)	1	0	C0000078.1	8.0	11.609001946113025	5.0	2.321800389222605	20	5.5784163275693865	6302474597	1958524785	185290934	7354	0	89.44200000000001	['residential']	1.0	8.358481401201377	0
C0000078	男	29	2020-05-01 11:53:29	113.01834325	28.21568345	SRID=4326;POINT(113.01834324619256 28.2156834476469)	1	0	C0000078.1	8.0	8.961490004708393	5.0	1.792298000941679	21	3.408216893728813	6302474597	1958524785	185290934	7354	0	89.44200000000001	['residential']	1.0	6.452272803390044	0
C0000078	男	29	2020-05-01 11:53:34	113.01838709	28.21573133	SRID=4326;POINT(113.01838709052166 28.21573132525189)	1	0	C0000078.1	8.0	6.832018007617438	5.0	1.3664036015234875	22	5.798468831560697	6302474597	1958524785	185290934	7354	0	89.44200000000001	['residential']	1.0	4.919052965484555	0
C0000078	男	29	2020-05-01 11:53:39	113.01821368	28.21580981	SRID=4326;POINT(113.01821368444145 28.21580981333357)	1	0	C0000078.1	9.0	19.115998649467038	5.0	3.823199729893407	23	22.773547337966644	1958524785	1958524590	185284721	7298	0	79.277	['secondary']	3.0	13.763519027616265	0
C0000078	男	29	2020-05-01 11:53:44	113.0180353	28.21584732	SRID=4326;POINT(113.01803529967488 28.215847315431052)	1	0	C0000078.1	9.0	17.997367581034382	5.0	3.5994735162068765	24	15.264048613045613	1958524785	1958524590	185284721	7298	0	79.277	['secondary']	3.0	12.958104658344755	0
C0000078	男	29	2020-05-01 11:53:49	113.01801637	28.21579837	SRID=4326;POINT(113.01801636935627 28.215798368007793)	1	0	C0000078.1	9.0	5.734232854784679	5.0	1.146846570956936	25	20.998716358684984	1958524785	1958524590	185284721	7298	0	79.277	['secondary']	3.0	4.128647655444969	0
C0000078	男	29	2020-05-01 11:53:54	113.01790077	28.21580769	SRID=4326;POINT(113.0179007697095 28.215807693547543)	1	0	C0000078.1	9.0	11.394807030348714	5.0	2.2789614060697425	26	21.50535973132444	1958524785	1958524590	185284721	7298	0	79.277	['secondary']	3.0	8.204261061851073	0
C0000078	男	29	2020-05-01 11:53:59	113.01789579	28.21581171	SRID=4326;POINT(113.0178957866769 28.215811707636778)	1	0	C0000078.1	9.0	0.6614108768859125	5.0	0.1322821753771825	27	20.889023913770174	1958524785	1958524590	185284721	7298	0	79.277	['secondary']	3.0	0.47621583135785706	0
C0000078	男	29	2020-05-01 11:54:03	113.01768551	28.215890299999998	SRID=4326;POINT(113.01768551063972 28.215890301337584)	1	2	C0000078.1	9.0	22.40437374987556	4.0	5.60109343746889	28	15.282829462429163	1958524785	1958524590	185284721	7298	0	79.277	['secondary']	3.0	20.163936374888006	0
C0000102	女	25	2020-05-01 07:36:15	112.97484447	28.19226442	SRID=4326;POINT(112.97484447233568 28.192264420671858)	1	1	C0000102.1	1.0	0.0	0.0	0.0	0	4.668808131137379	7273503795	3925535789	506854682	14751	1	129.89700000000002	['secondary']	3.0	0.0	0
C0000102	女	25	2020-05-01 07:36:21	112.97487834	28.19239833	SRID=4326;POINT(112.97487834075619 28.192398327838642)	1	0	C0000102.1	1.0	15.208303213554617	6.0	2.5347172022591025	1	14.359749100507608	7273503795	3925535789	506854682	14751	1	129.89700000000002	['secondary']	3.0	9.124981928132769	0
C0000102	女	25	2020-05-01 07:36:28	112.97490922	28.19252824	SRID=4326;POINT(112.97490922014 28.19252824345671)	1	0	C0000102.1	1.0	14.712765029437447	7.0	2.1018235756339214	2	4.2791907580970046	7273503795	3925535789	506854682	14751	1	129.89700000000002	['secondary']	3.0	7.566564872282117	0
C0000102	女	25	2020-05-01 07:36:34	112.97493015	28.19248918	SRID=4326;POINT(112.97493014862893 28.192489181554105)	1	0	C0000102.1	1.0	4.791774353254315	6.0	0.7986290588757191	3	7.811462814463109	7273503795	3925535789	506854682	14751	1	129.89700000000002	['secondary']	3.0	2.8750646119525887	0
C0000102	女	25	2020-05-01 07:36:41	112.97495206	28.19267513	SRID=4326;POINT(112.97495205548158 28.19267512512479)	1	0	C0000102.1	1.0	20.7194393874423	7.0	2.9599199124917566	4	12.987773287826073	7273503795	3925535789	506854682	14751	1	129.89700000000002	['secondary']	3.0	10.655711684970324	0
C0000102	女	25	2020-05-01 07:36:47	112.97493711	28.19265617	SRID=4326;POINT(112.9749371103315 28.192656167606152)	1	0	C0000102.1	1.0	2.563145272463301	6.0	0.4271908787438834	5	10.773437274912462	7273503795	3925535789	506854682	14751	1	129.89700000000002	['secondary']	3.0	1.5378871634779803	0
C0000102	女	25	2020-05-01 07:36:54	112.97496998	28.19287608	SRID=4326;POINT(112.97496997534199 28.192876080726016)	1	0	C0000102.1	2.0	24.583758449210073	7.0	3.511965492744296	6	2.963144305502444	7273502772	7273503795	506854682	29722	1	97.34200000000001	['secondary']	3.0	12.643075773879467	0
C0000102	女	25	2020-05-01 07:37:07	112.97495803	28.19270411	SRID=4326;POINT(112.9749580318215 28.192704108923717)	1	0	C0000102.1	3.0	9.847324034591688	6.0	1.6412206724319482	8	16.259549206140072	7273503795	3925535789	506854682	14751	1	129.89700000000002	['secondary']	3.0	5.908394420755013	0
C0000102	女	25	2020-05-01 07:37:14	112.97492316	28.19260221	SRID=4326;POINT(112.97492316443426 28.192602205906198)	1	0	C0000102.1	3.0	11.800419204197759	7.0	1.6857741720282515	9	4.910442470033457	7273503795	3925535789	506854682	14751	1	129.89700000000002	['secondary']	3.0	6.0687870193017055	0
C0000102	女	25	2020-05-01 07:37:21	112.97488829999999	28.192456300000003	SRID=4326;POINT(112.97488830055929 28.192456301220773)	1	0	C0000102.1	3.0	16.528406255730822	7.0	2.361200893675832	10	12.333680693844554	7273503795	3925535789	506854682	14751	1	129.89700000000002	['secondary']	3.0	8.500323217232996	0
C0000102	女	25	2020-05-01 07:37:34	112.97493713	28.19236016	SRID=4326;POINT(112.97493713410793 28.19236015659168)	1	0	C0000102.1	4.0	9.728104992267195	7.0	1.3897292846095994	12	16.912480720404627	6564891320	1955293084	699103686	6154	0	143.064	['residential']	1.0	5.003025424594558	0
C0000102	女	25	2020-05-01 07:37:40	112.9750398	28.19195084	SRID=4326;POINT(112.97503980072689 28.19195084462347)	1	0	C0000102.1	5.0	46.468530498545974	6.0	7.744755083090994	13	23.86633606651392	3925535569	3925535796	506854678	14712	1	43.5	['secondary']	3.0	27.88111829912758	1
C0000102	女	25	2020-05-01 07:37:47	112.97496109	28.19186007	SRID=4326;POINT(112.97496108895099 28.191860068699707)	1	0	C0000102.1	5.0	12.685324606790102	7.0	1.8121892295414432	14	12.051728885079037	3925535569	3925535796	506854678	14712	1	43.5	['secondary']	3.0	6.523881226349196	0
C0000102	女	25	2020-05-01 07:37:54	112.97455456	28.19154723	SRID=4326;POINT(112.97455456319715 28.191547230197028)	1	0	C0000102.1	6.0	52.87042465785451	7.0	7.5529178082649295	15	13.781759629480796	3925535789	3925535518	389383169	14682	1	128.238	['secondary']	3.0	27.190504109753746	1
C0000102	女	25	2020-05-01 07:38:00	112.97443700000001	28.19133856	SRID=4326;POINT(112.97443699850335 28.191338561079622)	1	0	C0000102.1	7.0	25.84609027736897	6.0	4.307681712894828	16	6.129438698176553	3925535541	1004244273	184960622	4531	1	121.12100000000001	['secondary']	3.0	15.507654166421382	0
C0000102	女	25	2020-05-01 07:38:07	112.97425365	28.19139609	SRID=4326;POINT(112.97425364603066 28.191396091215363)	1	0	C0000102.1	7.0	19.09830631568731	7.0	2.7283294736696155	17	11.813641805590635	3925535541	1004244273	184960622	4531	1	121.12100000000001	['secondary']	3.0	9.821986105210616	0
C0000102	女	25	2020-05-01 07:38:13	112.97405036	28.19146168	SRID=4326;POINT(112.97405036307134 28.191461678387864)	1	0	C0000102.1	7.0	21.24286202291632	6.0	3.5404770038193867	18	10.520744633879415	3925535541	1004244273	184960622	4531	1	121.12100000000001	['secondary']	3.0	12.745717213749792	0
C0000102	女	25	2020-05-01 07:38:20	112.97392679999999	28.19149903	SRID=4326;POINT(112.97392679874542 28.19149903486116)	1	0	C0000102.1	8.0	12.818719970373248	7.0	1.8312457100533213	19	18.035220608947977	3925535789	3925535518	389383169	14682	1	128.238	['secondary']	3.0	6.592484556191956	0
C0000102	女	25	2020-05-01 07:38:27	112.97379725	28.19158841	SRID=4326;POINT(112.97379725116224 28.19158841021891)	1	0	C0000102.1	8.0	16.121979952423874	7.0	2.3031399932034105	20	3.91360541523274	3925535789	3925535518	389383169	14682	1	128.238	['secondary']	3.0	8.291303975532278	0
C0000102	女	25	2020-05-01 07:38:33	112.97387896	28.19162318	SRID=4326;POINT(112.9738789585111 28.19162317696033)	1	0	C0000102.1	8.0	8.900260522050898	6.0	1.4833767536751497	21	7.013647017791407	3925535789	3925535518	389383169	14682	1	128.238	['secondary']	3.0	5.340156313230539	0
C0000102	女	25	2020-05-01 07:38:46	112.97370358	28.19164368	SRID=4326;POINT(112.97370357884861 28.191643681094053)	1	0	C0000102.1	9.0	4.851697463934111	6.0	0.8086162439890185	23	14.893174450217378	3925535541	1004244273	184960622	4531	1	121.12100000000001	['secondary']	3.0	2.9110184783604667	0
C0000102	女	25	2020-05-01 07:38:53	112.97355809	28.191668100000005	SRID=4326;POINT(112.9735580924099 28.19166809918019)	1	0	C0000102.1	9.0	14.539356416377338	7.0	2.0770509166253337	24	7.653005240635013	3925535541	1004244273	184960622	4531	1	121.12100000000001	['secondary']	3.0	7.477383299851201	0
C0000102	女	25	2020-05-01 07:38:59	112.97387597	28.19158418	SRID=4326;POINT(112.97387597224844 28.19158418406028)	1	0	C0000102.1	9.0	32.56792429242715	6.0	5.4279873820711915	25	6.267270007581184	3925535541	1004244273	184960622	4531	1	121.12100000000001	['secondary']	3.0	19.54075457545629	0
C0000102	女	25	2020-05-01 07:39:06	112.97396665	28.19157392	SRID=4326;POINT(112.97396665125656 28.191573923213344)	1	0	C0000102.1	9.0	8.97593892056696	7.0	1.2822769886524228	26	11.637126191506463	3925535541	1004244273	184960622	4531	1	121.12100000000001	['secondary']	3.0	4.616197159148722	0
C0000102	女	25	2020-05-01 07:39:13	112.97370956	28.19161866	SRID=4326;POINT(112.9737095596626 28.191618662991154)	1	0	C0000102.1	9.0	25.72531810552421	7.0	3.6750454436463165	27	14.795352267195812	3925535541	1004244273	184960622	4531	1	121.12100000000001	['secondary']	3.0	13.23016359712674	0
C0000102	女	25	2020-05-01 07:39:19	112.97352123	28.1916342	SRID=4326;POINT(112.97352122571256 28.191634203551967)	1	0	C0000102.1	10.0	18.57164002578748	6.0	3.0952733376312467	28	7.479417067191715	3925535518	1955293354	184960684	6218	1	137.18200000000002	['residential']	1.0	11.142984015472488	0
C0000102	女	25	2020-05-01 07:39:26	112.97372052	28.19160263	SRID=4326;POINT(112.97372052209145 28.191602630935535)	1	0	C0000102.1	11.0	19.878067677136475	7.0	2.8397239538766392	29	8.795200114813492	3925535789	3925535518	389383169	14682	1	128.238	['secondary']	3.0	10.223006233955902	0
C0000102	女	25	2020-05-01 07:39:32	112.9738102	28.19159137	SRID=4326;POINT(112.97381020497936 28.191591373149453)	1	0	C0000102.1	11.0	8.893421583177918	6.0	1.4822369305296528	30	3.4668157488982336	3925535789	3925535518	389383169	14682	1	128.238	['secondary']	3.0	5.33605294990675	0
C0000102	女	25	2020-05-01 07:39:39	112.97381817	28.19162035	SRID=4326;POINT(112.97381817437751 28.19162035136967)	1	0	C0000102.1	11.0	3.3056019449809635	7.0	0.4722288492829948	31	1.081025856955713	3925535789	3925535518	389383169	14682	1	128.238	['secondary']	3.0	1.7000238574187814	0
C0000102	女	25	2020-05-01 07:39:46	112.97371155	28.19161566	SRID=4326;POINT(112.97371155283895 28.19161565715957)	1	0	C0000102.1	11.0	10.481627030839247	7.0	1.497375290119893	32	9.423991579764131	3925535789	3925535518	389383169	14682	1	128.238	['secondary']	3.0	5.390551044431614	0
C0000102	女	25	2020-05-01 07:39:52	112.97365775	28.19159281	SRID=4326;POINT(112.97365774540029 28.191592810630535)	1	0	C0000102.1	11.0	5.8580798587965095	6.0	0.9763466431327518	33	15.032081251461392	3925535789	3925535518	389383169	14682	1	128.238	['secondary']	3.0	3.5148479152779064	0
C0000102	女	25	2020-05-01 07:39:59	112.97407428	28.19149661	SRID=4326;POINT(112.97407427532916 28.19149661097335)	1	0	C0000102.1	11.0	42.26470796288457	7.0	6.037815423269223	34	7.567382489213295	3925535789	3925535518	389383169	14682	1	128.238	['secondary']	3.0	21.736135523769203	1
C0000102	女	25	2020-05-01 07:40:05	112.97398659	28.19151686	SRID=4326;POINT(112.97398658508833 28.191516863776545)	1	0	C0000102.1	11.0	8.897712628578914	6.0	1.4829521047631526	35	13.901632836863751	3925535789	3925535518	389383169	14682	1	128.238	['secondary']	3.0	5.338627577147349	0
C0000102	女	25	2020-05-01 07:40:12	112.97397762	28.19151089	SRID=4326;POINT(112.97397761740612 28.191510889317186)	1	0	C0000102.1	11.0	1.1015595925028183	7.0	0.1573656560718312	36	14.927306225947644	3925535789	3925535518	389383169	14682	1	128.238	['secondary']	3.0	0.5665163618585923	0
C0000102	女	25	2020-05-01 07:40:18	112.97379526	28.19159242	SRID=4326;POINT(112.97379525790882 28.19159241609155)	1	0	C0000102.1	11.0	20.055995473479353	6.0	3.342665912246558	37	3.544813326515005	3925535789	3925535518	389383169	14682	1	128.238	['secondary']	3.0	12.033597284087609	0
C0000102	女	25	2020-05-01 07:40:25	112.97356706	28.19162007	SRID=4326;POINT(112.97356706449817 28.191620071648998)	1	0	C0000102.1	12.0	22.61490849483923	7.0	3.2307012135484614	38	11.25627635810092	3925535518	1955293354	184960684	6218	1	137.18200000000002	['residential']	1.0	11.630524368774461	0
C0000102	女	25	2020-05-01 07:40:32	112.97337375	28.19165163	SRID=4326;POINT(112.97337374638076 28.19165162662321)	1	0	C0000102.1	12.0	19.300146428125238	7.0	2.7571637754464637	39	12.514374500775864	3925535518	1955293354	184960684	6218	1	137.18200000000002	['residential']	1.0	9.92578959160727	0
C0000102	女	25	2020-05-01 07:40:38	112.97340862	28.19164253	SRID=4326;POINT(112.97340862368716 28.191642526417056)	1	0	C0000102.1	12.0	3.569227831991605	6.0	0.5948713053319342	40	10.034495058487954	3925535518	1955293354	184960684	6218	1	137.18200000000002	['residential']	1.0	2.141536699194963	0
C0000102	女	25	2020-05-01 07:40:45	112.97305088	28.19171655	SRID=4326;POINT(112.97305088260737 28.191716552507188)	1	0	C0000102.1	13.0	36.07065634456112	7.0	5.1529509063658745	41	14.32717379485266	3925535518	3925535470	[389383169, 389383155, 389383145]	14653	1	497.499	['secondary']	3.0	18.55062326291715	0
C0000102	女	25	2020-05-01 07:40:51	112.97277884	28.19176733	SRID=4326;POINT(112.97277883872009 28.19176733108103)	1	0	C0000102.1	13.0	27.297233561631337	6.0	4.549538926938556	42	11.761571152796956	3925535518	3925535470	[389383169, 389383155, 389383145]	14653	1	497.499	['secondary']	3.0	16.378340136978803	0
C0000102	女	25	2020-05-01 07:40:58	112.97236729	28.1917775	SRID=4326;POINT(112.97236728770831 28.191777503894407)	1	0	C0000102.1	13.0	40.42464933039311	7.0	5.774949904341872	43	6.495164471420889	3925535518	3925535470	[389383169, 389383155, 389383145]	14653	1	497.499	['secondary']	3.0	20.78981965563074	0
C0000102	女	25	2020-05-01 07:41:05	112.97220087	28.19176698	SRID=4326;POINT(112.97220087382843 28.19176697671083)	1	0	C0000102.1	13.0	16.381848822507102	7.0	2.3402641175010146	44	10.213604159076539	3925535518	3925535470	[389383169, 389383155, 389383145]	14653	1	497.499	['secondary']	3.0	8.424950823003654	0
C0000102	女	25	2020-05-01 07:41:11	112.97222279999998	28.19172791	SRID=4326;POINT(112.97222279989232 28.191727912917862)	1	0	C0000102.1	13.0	4.835695846896791	6.0	0.8059493078161318	45	10.290126206017847	3925535518	3925535470	[389383169, 389383155, 389383145]	14653	1	497.499	['secondary']	3.0	2.9014175081380746	0
C0000102	女	25	2020-05-01 07:41:18	112.97203346	28.19176445	SRID=4326;POINT(112.97203346224426 28.19176445215605)	1	0	C0000102.1	14.0	19.02668274102161	7.0	2.7180975344316582	46	15.910896419335385	1955293354	1955293192	184963759	6180	0	19.65	['residential']	1.0	9.78515112395397	0
C0000102	女	25	2020-05-01 07:41:24	112.97215404	28.19179211	SRID=4326;POINT(112.97215403642916 28.191792110753315)	1	0	C0000102.1	14.0	12.229799826794595	6.0	2.038299971132433	47	9.941888620300633	1955293354	1955293192	184963759	6180	0	19.65	['residential']	1.0	7.337879896076759	0
C0000102	女	25	2020-05-01 07:41:31	112.97201951	28.19174749	SRID=4326;POINT(112.97201951259689 28.191747491118033)	1	0	C0000102.1	15.0	14.104359548914926	7.0	2.0149085069878465	48	5.8886394314349655	3925535518	3925535470	[389383169, 389383155, 389383145]	14653	1	497.499	['secondary']	3.0	7.253670625156247	0
C0000102	女	25	2020-05-01 07:41:38	112.97225368	28.19182483	SRID=4326;POINT(112.97225368350153 28.191824828775076)	1	0	C0000102.1	15.0	24.53807010357112	7.0	3.5054385862244453	49	6.241331390673637	3925535518	3925535470	[389383169, 389383155, 389383145]	14653	1	497.499	['secondary']	3.0	12.619578910408004	0
C0000102	女	25	2020-05-01 07:41:44	112.97213012	28.19177918	SRID=4326;POINT(112.97213012150931 28.19177917820848)	1	0	C0000102.1	15.0	13.144562461568144	6.0	2.190760410261357	50	12.560658197673762	3925535518	3925535470	[389383169, 389383155, 389383145]	14653	1	497.499	['secondary']	3.0	7.886737476940885	0
C0000102	女	25	2020-05-01 07:41:51	112.97179729	28.19175512	SRID=4326;POINT(112.97179729181892 28.191755121780844)	1	0	C0000102.1	15.0	32.788238634710495	7.0	4.684034090672928	51	10.79107689193582	3925535518	3925535470	[389383169, 389383155, 389383145]	14653	1	497.499	['secondary']	3.0	16.862522726422544	0
C0000102	女	25	2020-05-01 07:41:57	112.97156609999999	28.19175378	SRID=4326;POINT(112.97156610215234 28.19175377657459)	1	0	C0000102.1	15.0	22.70038407093831	6.0	3.7833973451563847	52	14.97164308395283	3925535518	3925535470	[389383169, 389383155, 389383145]	14653	1	497.499	['secondary']	3.0	13.620230442562985	0
C0000102	女	25	2020-05-01 07:42:04	112.97134487	28.19187241	SRID=4326;POINT(112.9713448668976 28.191872406752154)	1	0	C0000102.1	15.0	25.3906123602765	7.0	3.6272303371823567	53	8.526231333391616	3925535518	3925535470	[389383169, 389383155, 389383145]	14653	1	497.499	['secondary']	3.0	13.058029213856484	0
C0000102	女	25	2020-05-01 07:42:11	112.97154816	28.19179683	SRID=4326;POINT(112.9715481615152 28.191796828972105)	1	0	C0000102.1	15.0	21.646635640265302	7.0	3.0923765200379014	54	14.030075163932295	3925535518	3925535470	[389383169, 389383155, 389383145]	14653	1	497.499	['secondary']	3.0	11.132555472136445	0
C0000102	女	25	2020-05-01 07:42:17	112.97143256	28.19183216	SRID=4326;POINT(112.97143256333437 28.191832157320007)	1	0	C0000102.1	15.0	12.006764594779062	6.0	2.0011274324631767	55	2.8869260740975666	3925535518	3925535470	[389383169, 389383155, 389383145]	14653	1	497.499	['secondary']	3.0	7.204058756867436	0
C0000102	女	25	2020-05-01 07:42:24	112.9713648	28.19182635	SRID=4326;POINT(112.97136480088032 28.19182634867892)	1	0	C0000102.1	15.0	6.684243935446147	7.0	0.9548919907780208	56	4.237914467810174	3925535518	3925535470	[389383169, 389383155, 389383145]	14653	1	497.499	['secondary']	3.0	3.437611166800875	0
C0000102	女	25	2020-05-01 07:42:30	112.97134686	28.191839399999996	SRID=4326;POINT(112.971346862574 28.191839399870595)	1	0	C0000102.1	15.0	2.2791215464883914	6.0	0.3798535910813985	57	6.337860107998532	3925535518	3925535470	[389383169, 389383155, 389383145]	14653	1	497.499	['secondary']	3.0	1.3674729278930347	0
C0000102	女	25	2020-05-01 07:42:37	112.9713638	28.19183235	SRID=4326;POINT(112.97136380388464 28.191832351722894)	1	0	C0000102.1	15.0	1.8376510319029384	7.0	0.26252157598613396	58	4.508927215299597	3925535518	3925535470	[389383169, 389383155, 389383145]	14653	1	497.499	['secondary']	3.0	0.9450776735500823	0
C0000102	女	25	2020-05-01 07:42:43	112.97136878	28.19187534	SRID=4326;POINT(112.97136878300807 28.19187533926583)	1	0	C0000102.1	16.0	4.789288143759853	6.0	0.7982146906266423	59	15.822864543268766	1955253280	3925535541	[184960664, 144879851, 184960622]	5993	1	511.33	['secondary']	3.0	2.8735728862559125	0
C0000102	女	25	2020-05-01 07:42:50	112.97155514	28.19176381	SRID=4326;POINT(112.97155513973605 28.191763807979022)	1	0	C0000102.1	16.0	22.08150919475639	7.0	3.1545013135366267	60	13.42230309400794	1955253280	3925535541	[184960664, 144879851, 184960622]	5993	1	511.33	['secondary']	3.0	11.356204728731857	0
C0000102	女	25	2020-05-01 07:43:03	112.97128906	28.19185556	SRID=4326;POINT(112.97128906339502 28.19185556379992)	1	2	C0000102.1	16.0	28.034558371300378	13.0	2.156504490100029	61	18.163338392913207	1955253280	3925535541	[184960664, 144879851, 184960622]	5993	1	511.33	['secondary']	3.0	7.7634161643601045	0
